blocker_primary_category,can_owner_override_external_fact_truth_as_source_backed,next_required_action,owner_decision_options,owner_route,platform_scope,priority_class,recommended_primary_eligibility_lane,retrieval_target_id,target_field_path,field_name,separation_bucket,source_seed_title,source_seed_url,source_seed_summary,source_seed_quality
EXACT_VALUE_NOT_VISIBLE,False,BROADER_PUBLIC_OFFICIAL_SOURCE_SEARCH_OR_OWNER_LOCATOR_REQUIRED,"['OWNER_OVERRIDE_BLOCKER', 'OWNER_APPROVE_BLOCKER_OR_CANDIDATE_FOR_NEXT_REVIEW', 'OWNER_PROVIDE_VALUE', 'OWNER_DISAPPROVE']",PR153R_RETRY_CAPTURE,FORECASTEX_IBKR,P0,EXTERNAL_SOURCE_VALUE_CAPTURE_TARGET,PR151_PR150_EXECUTION_LATENCY_LIMIT_PRICE_TARGET_FIELDS_LIMIT_PRICE_FIELD_PREDICTION_MARKETS_GENERAL_FORECASTEX_IBKR_OFFICIAL_API_DOCS_LIMIT_PRICE_FIELD,pr151.target_fields.forecastex_ibkr.execution_latency.limit_price_target_fields.limit_price_field,limit_price_field,PUBLIC_OFFICIAL_SOURCE_RETRIABLE,IBKR Event Trading; IBKR Order Types,https://www.interactivebrokers.com/campus/ibkr-api-page/event-trading/ | https://www.interactivebrokers.com/campus/ibkr-api-page/order-types/,"ForecastEx event contracts support LMT order type; order construction requires quantity, limit price, and time-in-force.",STRONG_PUBLIC_OFFICIAL_SEED
EXACT_VALUE_NOT_VISIBLE,False,BROADER_PUBLIC_OFFICIAL_SOURCE_SEARCH_OR_OWNER_LOCATOR_REQUIRED,"['OWNER_OVERRIDE_BLOCKER', 'OWNER_APPROVE_BLOCKER_OR_CANDIDATE_FOR_NEXT_REVIEW', 'OWNER_PROVIDE_VALUE', 'OWNER_DISAPPROVE']",PR153R_RETRY_CAPTURE,FORECASTEX_IBKR,P0,EXTERNAL_SOURCE_VALUE_CAPTURE_TARGET,PR151_PR150_EXECUTION_LATENCY_MINIMUM_ORDER_SIZE_TARGET_FIELDS_MINIMUM_ORDER_SIZE_FIELD_PREDICTION_MARKETS_GENERAL_FORECASTEX_IBKR_OFFICIAL_API_DOCS_MINIMUM_ORDER_SIZE_FIELD,pr151.target_fields.forecastex_ibkr.execution_latency.minimum_order_size_target_fields.minimum_order_size_field,minimum_order_size_field,PUBLIC_OFFICIAL_RETRIABLE__PARTIAL_SEED_TARGET_NEEDS_SCOPE_CHECK,IBKR Event Trading; ForecastEx Rulebook,https://www.interactivebrokers.com/campus/ibkr-api-page/event-trading/ | https://data.forecastex.com/regulatory/ForecastEx_LLC_Rulebook.pdf,IBKR event-trading docs identify quantity as an event-order input; exact minimum order size may be contract/account/exchange-rule specific.,PARTIAL_PUBLIC_OFFICIAL_SEED_EXACT_VALUE_MAY_REQUIRE_RULEBOOK_OR_OWNER_LOCATOR
EXACT_VALUE_NOT_VISIBLE,False,BROADER_PUBLIC_OFFICIAL_SOURCE_SEARCH_OR_OWNER_LOCATOR_REQUIRED,"['OWNER_OVERRIDE_BLOCKER', 'OWNER_APPROVE_BLOCKER_OR_CANDIDATE_FOR_NEXT_REVIEW', 'OWNER_PROVIDE_VALUE', 'OWNER_DISAPPROVE']",PR153R_RETRY_CAPTURE,KALSHI,P0,EXTERNAL_SOURCE_VALUE_CAPTURE_TARGET,PR151_PR150_EXECUTION_LATENCY_MINIMUM_ORDER_SIZE_TARGET_FIELDS_MINIMUM_ORDER_SIZE_FIELD_PREDICTION_MARKETS_GENERAL_KALSHI_OFFICIAL_API_DOCS_MINIMUM_ORDER_SIZE_FIELD,pr151.target_fields.kalshi.execution_latency.minimum_order_size_target_fields.minimum_order_size_field,minimum_order_size_field,PUBLIC_OFFICIAL_SOURCE_RETRIABLE,Kalshi Fixed-Point Migration; Kalshi Create Order V2,https://docs.kalshi.com/getting_started/fixed_point_migration | https://docs.kalshi.com/api-reference/orders/create-order-v2,"Kalshi fixed-point docs state contract count fields use *_fp strings, accept 0-2 decimals, and minimum granularity is 0.01 contracts.",STRONG_PUBLIC_OFFICIAL_SEED
EXACT_VALUE_NOT_VISIBLE,False,BROADER_PUBLIC_OFFICIAL_SOURCE_SEARCH_OR_OWNER_LOCATOR_REQUIRED,"['OWNER_OVERRIDE_BLOCKER', 'OWNER_APPROVE_BLOCKER_OR_CANDIDATE_FOR_NEXT_REVIEW', 'OWNER_PROVIDE_VALUE', 'OWNER_DISAPPROVE']",PR153R_RETRY_CAPTURE,FORECASTEX_IBKR,P0,EXTERNAL_SOURCE_VALUE_CAPTURE_TARGET,PR151_PR150_EXECUTION_LATENCY_ORDERBOOK_SNAPSHOT_FRESHNESS_TARGETS_ORDERBOOK_SNAPSHOT_FRESHNESS_PREDICTION_MARKETS_GENERAL_FORECASTEX_IBKR_OFFICIAL_API_DOCS_ORDERBOOK_SNAPSHOT_FRESHNESS,pr151.target_fields.forecastex_ibkr.execution_latency.orderbook_snapshot_freshness_targets.orderbook_snapshot_freshness,orderbook_snapshot_freshness,PUBLIC_OFFICIAL_SOURCE_RETRIABLE,IBKR Web API marketdata snapshot; Event Contracts Web API,https://www.interactivebrokers.com/campus/ibkr-api-page/webapi-doc/ | https://www.interactivebrokers.com/campus/ibkr-api-page/event-contracts/,"IBKR Web API describes /iserver/marketdata/snapshot, required pre-flight, non-cached snapshot extraction from live streams, and websocket top-of-book stream.",STRONG_PUBLIC_OFFICIAL_SEED
EXACT_VALUE_NOT_VISIBLE,False,BROADER_PUBLIC_OFFICIAL_SOURCE_SEARCH_OR_OWNER_LOCATOR_REQUIRED,"['OWNER_OVERRIDE_BLOCKER', 'OWNER_APPROVE_BLOCKER_OR_CANDIDATE_FOR_NEXT_REVIEW', 'OWNER_PROVIDE_VALUE', 'OWNER_DISAPPROVE']",PR153R_RETRY_CAPTURE,FORECASTEX_IBKR,P0,EXTERNAL_SOURCE_VALUE_CAPTURE_TARGET,PR151_PR150_EXECUTION_LATENCY_RATE_LIMIT_TARGET_FIELDS_RATE_LIMIT_FIELD_PREDICTION_MARKETS_GENERAL_FORECASTEX_IBKR_OFFICIAL_API_DOCS_RATE_LIMIT_FIELD,pr151.target_fields.forecastex_ibkr.execution_latency.rate_limit_target_fields.rate_limit_field,rate_limit_field,PUBLIC_OFFICIAL_SOURCE_RETRIABLE,IBKR Web API rate limits,https://www.interactivebrokers.com/campus/ibkr-api-page/webapi-doc/ | https://www.interactivebrokers.com/campus/ibkr-api-page/cpapi-v1/,IBKR Web API docs describe 10 requests/sec global authenticated-session limit and 429 behavior.,STRONG_PUBLIC_OFFICIAL_SEED
EXACT_VALUE_NOT_VISIBLE,False,BROADER_PUBLIC_OFFICIAL_SOURCE_SEARCH_OR_OWNER_LOCATOR_REQUIRED,"['OWNER_OVERRIDE_BLOCKER', 'OWNER_APPROVE_BLOCKER_OR_CANDIDATE_FOR_NEXT_REVIEW', 'OWNER_PROVIDE_VALUE', 'OWNER_DISAPPROVE']",PR153R_RETRY_CAPTURE,FORECASTEX_IBKR,P2,EXTERNAL_SOURCE_VALUE_CAPTURE_TARGET,PR151_PR150_EXECUTION_LATENCY_RETRY_BACKOFF_ERROR_ROUTING_TARGETS_RETRY_BACKOFF_ERROR_ROUTING_PREDICTION_MARKETS_GENERAL_FORECASTEX_IBKR_OFFICIAL_API_DOCS_RETRY_BACKOFF_ERROR_ROUTING,pr151.target_fields.forecastex_ibkr.execution_latency.retry_backoff_error_routing_targets.retry_backoff_error_routing,retry_backoff_error_routing,PUBLIC_OFFICIAL_SOURCE_RETRIABLE,IBKR Web API rate limits; TWS pacing,https://www.interactivebrokers.com/campus/ibkr-api-page/webapi-doc/ | https://www.interactivebrokers.com/campus/ibkr-api-page/trader-workstation-api/,"IBKR docs identify 429 rate-limit responses and TWS pacing behavior; retry/backoff route can be derived as an error-handling target, not a fixed value.",STRONG_PUBLIC_OFFICIAL_SEED
EXACT_VALUE_NOT_VISIBLE,False,BROADER_PUBLIC_OFFICIAL_SOURCE_SEARCH_OR_OWNER_LOCATOR_REQUIRED,"['OWNER_OVERRIDE_BLOCKER', 'OWNER_APPROVE_BLOCKER_OR_CANDIDATE_FOR_NEXT_REVIEW', 'OWNER_PROVIDE_VALUE', 'OWNER_DISAPPROVE']",PR153R_RETRY_CAPTURE,KALSHI,P2,EXTERNAL_SOURCE_VALUE_CAPTURE_TARGET,PR151_PR150_EXECUTION_LATENCY_RETRY_BACKOFF_ERROR_ROUTING_TARGETS_RETRY_BACKOFF_ERROR_ROUTING_PREDICTION_MARKETS_GENERAL_KALSHI_OFFICIAL_API_DOCS_RETRY_BACKOFF_ERROR_ROUTING,pr151.target_fields.kalshi.execution_latency.retry_backoff_error_routing_targets.retry_backoff_error_routing,retry_backoff_error_routing,PUBLIC_OFFICIAL_SOURCE_RETRIABLE,Kalshi Rate Limits; Get Account API Limits,https://docs.kalshi.com/getting_started/rate_limits | https://docs.kalshi.com/api-reference/account/get-account-api-limits,Kalshi docs describe token-based limits and 429 rejection when a bucket lacks enough tokens.,STRONG_PUBLIC_OFFICIAL_SEED
EXACT_VALUE_NOT_VISIBLE,False,BROADER_PUBLIC_OFFICIAL_SOURCE_SEARCH_OR_OWNER_LOCATOR_REQUIRED,"['OWNER_OVERRIDE_BLOCKER', 'OWNER_APPROVE_BLOCKER_OR_CANDIDATE_FOR_NEXT_REVIEW', 'OWNER_PROVIDE_VALUE', 'OWNER_DISAPPROVE']",PR153R_RETRY_CAPTURE,POLYMARKET,P2,EXTERNAL_SOURCE_VALUE_CAPTURE_TARGET,PR151_PR150_EXECUTION_LATENCY_RETRY_BACKOFF_ERROR_ROUTING_TARGETS_RETRY_BACKOFF_ERROR_ROUTING_PREDICTION_MARKETS_GENERAL_POLYMARKET_OFFICIAL_API_DOCS_RETRY_BACKOFF_ERROR_ROUTING,pr151.target_fields.polymarket.execution_latency.retry_backoff_error_routing_targets.retry_backoff_error_routing,retry_backoff_error_routing,PUBLIC_OFFICIAL_SOURCE_RETRIABLE,Polymarket Rate Limits; Error Codes,https://docs.polymarket.com/api-reference/rate-limits | https://docs.polymarket.com/resources/error-codes,Polymarket rate limits use Cloudflare throttling/sliding windows; error-code docs include retry-related engine errors.,STRONG_PUBLIC_OFFICIAL_SEED
EXACT_VALUE_NOT_VISIBLE,False,BROADER_PUBLIC_OFFICIAL_SOURCE_SEARCH_OR_OWNER_LOCATOR_REQUIRED,"['OWNER_OVERRIDE_BLOCKER', 'OWNER_APPROVE_BLOCKER_OR_CANDIDATE_FOR_NEXT_REVIEW', 'OWNER_PROVIDE_VALUE', 'OWNER_DISAPPROVE']",PR153R_RETRY_CAPTURE,FORECASTEX_IBKR,P0,EXTERNAL_SOURCE_VALUE_CAPTURE_TARGET,PR151_PR150_EXECUTION_LATENCY_TICK_SIZE_TARGET_FIELDS_TICK_SIZE_FIELD_PREDICTION_MARKETS_GENERAL_FORECASTEX_IBKR_OFFICIAL_FEE_TICK_SETTLEMENT_DOCS_TICK_SIZE_FIELD,pr151.target_fields.forecastex_ibkr.execution_latency.tick_size_target_fields.tick_size_field,tick_size_field,PUBLIC_OFFICIAL_SOURCE_RETRIABLE,IBKR minimum increment / minTick; reqMarketRule,https://interactivebrokers.github.io/tws-api/minimum_increment.html | https://www.interactivebrokers.com/campus/ibkr-api-page/tws-api-error-codes/,IBKR docs define minTick as minimum price variation and require reqMarketRule for full increment structure.,STRONG_PUBLIC_OFFICIAL_SEED
EXACT_VALUE_NOT_VISIBLE,False,BROADER_PUBLIC_OFFICIAL_SOURCE_SEARCH_OR_OWNER_LOCATOR_REQUIRED,"['OWNER_OVERRIDE_BLOCKER', 'OWNER_APPROVE_BLOCKER_OR_CANDIDATE_FOR_NEXT_REVIEW', 'OWNER_PROVIDE_VALUE', 'OWNER_DISAPPROVE']",PR153R_RETRY_CAPTURE,KALSHI,P0,EXTERNAL_SOURCE_VALUE_CAPTURE_TARGET,PR151_PR150_EXECUTION_LATENCY_TICK_SIZE_TARGET_FIELDS_TICK_SIZE_FIELD_PREDICTION_MARKETS_GENERAL_KALSHI_OFFICIAL_FEE_TICK_SETTLEMENT_DOCS_TICK_SIZE_FIELD,pr151.target_fields.kalshi.execution_latency.tick_size_target_fields.tick_size_field,tick_size_field,PUBLIC_OFFICIAL_SOURCE_RETRIABLE,Kalshi Fixed-Point Migration,https://docs.kalshi.com/getting_started/fixed_point_migration,"Kalshi docs define price_level_structure and valid tick sizes for linear_cent, tapered_deci_cent, and deci_cent.",STRONG_PUBLIC_OFFICIAL_SEED
EXACT_VALUE_NOT_VISIBLE,False,BROADER_PUBLIC_OFFICIAL_SOURCE_SEARCH_OR_OWNER_LOCATOR_REQUIRED,"['OWNER_OVERRIDE_BLOCKER', 'OWNER_APPROVE_BLOCKER_OR_CANDIDATE_FOR_NEXT_REVIEW', 'OWNER_PROVIDE_VALUE', 'OWNER_DISAPPROVE']",PR153R_RETRY_CAPTURE,FORECASTEX_IBKR,P0,EXTERNAL_SOURCE_VALUE_CAPTURE_TARGET,PR151_PR150_EXECUTION_LATENCY_WEBSOCKET_ORDERBOOK_EVENT_SEQUENCING_TARGETS_WEBSOCKET_ORDERBOOK_EVENT_SEQUENCING_PREDICTION_MARKETS_GENERAL_FORECASTEX_IBKR_OFFICIAL_API_DOCS_WEBSOCKET_ORDERBOOK_EVENT_SEQUENCING,pr151.target_fields.forecastex_ibkr.execution_latency.websocket_orderbook_event_sequencing_targets.websocket_orderbook_event_sequencing,websocket_orderbook_event_sequencing,PUBLIC_OFFICIAL_RETRIABLE__PARTIAL_SEED_TARGET_NEEDS_SCOPE_CHECK,IBKR Event Contracts Web API; Web API market-data stream,https://www.interactivebrokers.com/campus/ibkr-api-page/event-contracts/ | https://www.interactivebrokers.com/campus/ibkr-api-page/web-api-trading/,IBKR docs describe websocket top-of-book streaming; exact event sequencing field semantics may need a more specific websocket reference.,PARTIAL_PUBLIC_OFFICIAL_SEED
EXACT_VALUE_NOT_VISIBLE,False,BROADER_PUBLIC_OFFICIAL_SOURCE_SEARCH_OR_OWNER_LOCATOR_REQUIRED,"['OWNER_OVERRIDE_BLOCKER', 'OWNER_APPROVE_BLOCKER_OR_CANDIDATE_FOR_NEXT_REVIEW', 'OWNER_PROVIDE_VALUE', 'OWNER_DISAPPROVE']",PR153R_RETRY_CAPTURE,FORECASTEX_IBKR,P0,EXTERNAL_SOURCE_VALUE_CAPTURE_TARGET,PR151_PR150_RISK_CAPITAL_CONTROL_MAX_ORDER_NOTIONAL_TARGETS_MAX_ORDER_NOTIONAL_PREDICTION_MARKETS_GENERAL_FORECASTEX_IBKR_OFFICIAL_API_DOCS_MAX_ORDER_NOTIONAL,pr151.target_fields.forecastex_ibkr.risk_capital_control.max_order_notional_targets.max_order_notional,max_order_notional,PUBLIC_OFFICIAL_RETRIABLE__EXACT_VALUE_MAY_REQUIRE_OWNER_LOCATOR_OR_MARKET_SPECIFIC_LOOKUP,IBKR Event Trading; ForecastEx Rulebook,https://www.interactivebrokers.com/campus/ibkr-api-page/event-trading/ | https://data.forecastex.com/regulatory/ForecastEx_LLC_Rulebook.pdf,No single public global max-order-notional value was confirmed in current search; likely account/product/rule constrained.,PUBLIC_RETRIABLE_BUT_EXACT_VALUE_NOT_CONFIRMED
EXACT_VALUE_NOT_VISIBLE,False,BROADER_PUBLIC_OFFICIAL_SOURCE_SEARCH_OR_OWNER_LOCATOR_REQUIRED,"['OWNER_OVERRIDE_BLOCKER', 'OWNER_APPROVE_BLOCKER_OR_CANDIDATE_FOR_NEXT_REVIEW', 'OWNER_PROVIDE_VALUE', 'OWNER_DISAPPROVE']",PR153R_RETRY_CAPTURE,KALSHI,P0,EXTERNAL_SOURCE_VALUE_CAPTURE_TARGET,PR151_PR150_RISK_CAPITAL_CONTROL_MAX_ORDER_NOTIONAL_TARGETS_MAX_ORDER_NOTIONAL_PREDICTION_MARKETS_GENERAL_KALSHI_OFFICIAL_API_DOCS_MAX_ORDER_NOTIONAL,pr151.target_fields.kalshi.risk_capital_control.max_order_notional_targets.max_order_notional,max_order_notional,PUBLIC_OFFICIAL_RETRIABLE__EXACT_VALUE_MAY_REQUIRE_OWNER_LOCATOR_OR_MARKET_SPECIFIC_LOOKUP,Kalshi Create Order; fixed-point price/count docs,https://docs.kalshi.com/api-reference/orders/create-order | https://docs.kalshi.com/getting_started/fixed_point_migration,Kalshi order docs include order size/price primitives; no single public global max-order-notional value was confirmed in current search.,PUBLIC_RETRIABLE_BUT_EXACT_VALUE_NOT_CONFIRMED
EXACT_VALUE_NOT_VISIBLE,False,BROADER_PUBLIC_OFFICIAL_SOURCE_SEARCH_OR_OWNER_LOCATOR_REQUIRED,"['OWNER_OVERRIDE_BLOCKER', 'OWNER_APPROVE_BLOCKER_OR_CANDIDATE_FOR_NEXT_REVIEW', 'OWNER_PROVIDE_VALUE', 'OWNER_DISAPPROVE']",PR153R_RETRY_CAPTURE,POLYMARKET,P0,EXTERNAL_SOURCE_VALUE_CAPTURE_TARGET,PR151_PR150_RISK_CAPITAL_CONTROL_MAX_ORDER_NOTIONAL_TARGETS_MAX_ORDER_NOTIONAL_PREDICTION_MARKETS_GENERAL_POLYMARKET_OFFICIAL_API_DOCS_MAX_ORDER_NOTIONAL,pr151.target_fields.polymarket.risk_capital_control.max_order_notional_targets.max_order_notional,max_order_notional,PUBLIC_OFFICIAL_RETRIABLE__EXACT_VALUE_MAY_REQUIRE_OWNER_LOCATOR_OR_MARKET_SPECIFIC_LOOKUP,Polymarket CLOB market info; orderbook; error codes,https://docs.polymarket.com/trading/clients/public | https://docs.polymarket.com/api-reference/markets/get-clob-market-info | https://docs.polymarket.com/resources/error-codes,"Polymarket exposes min order size, tick size, fee parameters, and market-specific constraints; no single global max-order-notional value was confirmed.",PUBLIC_RETRIABLE_BUT_EXACT_VALUE_NOT_CONFIRMED
EXACT_VALUE_NOT_VISIBLE,False,BROADER_PUBLIC_OFFICIAL_SOURCE_SEARCH_OR_OWNER_LOCATOR_REQUIRED,"['OWNER_OVERRIDE_BLOCKER', 'OWNER_APPROVE_BLOCKER_OR_CANDIDATE_FOR_NEXT_REVIEW', 'OWNER_PROVIDE_VALUE', 'OWNER_DISAPPROVE']",PR153R_RETRY_CAPTURE,FORECASTEX_IBKR,P0,EXTERNAL_SOURCE_VALUE_CAPTURE_TARGET,PR151_PR150_VENUE_SOURCE_REQUIRED_VENUE_EXECUTION_LIFECYCLE_EXECUTION_LIFECYCLE_FORECASTEX_IBKR_FORECASTEX_IBKR_OFFICIAL_API_DOCS_EXECUTION_LIFECYCLE,pr151.target_fields.forecastex_ibkr.venue_source_required.venue_execution_lifecycle.execution_lifecycle,execution_lifecycle,PUBLIC_OFFICIAL_SOURCE_RETRIABLE,IBKR Event Contracts; Event Trading,https://www.interactivebrokers.com/campus/ibkr-api-page/event-contracts/ | https://www.interactivebrokers.com/campus/ibkr-api-page/event-trading/,"IBKR docs describe ForecastEx instruments, buy-only behavior, reducing/closing by buying opposing contract, and LMT order flow.",STRONG_PUBLIC_OFFICIAL_SEED
EXACT_VALUE_NOT_VISIBLE,False,BROADER_PUBLIC_OFFICIAL_SOURCE_SEARCH_OR_OWNER_LOCATOR_REQUIRED,"['OWNER_OVERRIDE_BLOCKER', 'OWNER_APPROVE_BLOCKER_OR_CANDIDATE_FOR_NEXT_REVIEW', 'OWNER_PROVIDE_VALUE', 'OWNER_DISAPPROVE']",PR153R_RETRY_CAPTURE,POLYMARKET,P0,EXTERNAL_SOURCE_VALUE_CAPTURE_TARGET,PR151_PR150_VENUE_SOURCE_REQUIRED_VENUE_EXECUTION_LIFECYCLE_EXECUTION_LIFECYCLE_POLYMARKET_POLYMARKET_OFFICIAL_API_DOCS_EXECUTION_LIFECYCLE,pr151.target_fields.polymarket.venue_source_required.venue_execution_lifecycle.execution_lifecycle,execution_lifecycle,PUBLIC_OFFICIAL_SOURCE_RETRIABLE,Polymarket Order Lifecycle; Trading Overview,https://docs.polymarket.com/concepts/order-lifecycle | https://docs.polymarket.com/trading/overview,Polymarket docs describe offchain signed order creation/matching and onchain settlement.,STRONG_PUBLIC_OFFICIAL_SEED
EXACT_VALUE_NOT_VISIBLE,False,BROADER_PUBLIC_OFFICIAL_SOURCE_SEARCH_OR_OWNER_LOCATOR_REQUIRED,"['OWNER_OVERRIDE_BLOCKER', 'OWNER_APPROVE_BLOCKER_OR_CANDIDATE_FOR_NEXT_REVIEW', 'OWNER_PROVIDE_VALUE', 'OWNER_DISAPPROVE']",PR153R_RETRY_CAPTURE,FORECASTEX_IBKR,P0,EXTERNAL_SOURCE_VALUE_CAPTURE_TARGET,PR151_PR150_VENUE_SOURCE_REQUIRED_VENUE_FILL_INTEGRITY_FILL_INTEGRITY_FORECASTEX_IBKR_FORECASTEX_IBKR_OFFICIAL_API_DOCS_FILL_INTEGRITY,pr151.target_fields.forecastex_ibkr.venue_source_required.venue_fill_integrity.fill_integrity,fill_integrity,PUBLIC_OFFICIAL_SOURCE_RETRIABLE,IBKR Event Contracts; TWS order status/executions,https://www.interactivebrokers.com/campus/ibkr-api-page/event-contracts/ | https://interactivebrokers.github.io/tws-api/order_submission.html,IBKR docs say forecast orders receive order-status updates and executions over standard rails; TWS orderStatus contains filled/remaining/avg fill fields.,STRONG_PUBLIC_OFFICIAL_SEED
EXACT_VALUE_NOT_VISIBLE,False,BROADER_PUBLIC_OFFICIAL_SOURCE_SEARCH_OR_OWNER_LOCATOR_REQUIRED,"['OWNER_OVERRIDE_BLOCKER', 'OWNER_APPROVE_BLOCKER_OR_CANDIDATE_FOR_NEXT_REVIEW', 'OWNER_PROVIDE_VALUE', 'OWNER_DISAPPROVE']",PR153R_RETRY_CAPTURE,KALSHI,P0,EXTERNAL_SOURCE_VALUE_CAPTURE_TARGET,PR151_PR150_VENUE_SOURCE_REQUIRED_VENUE_FILL_INTEGRITY_FILL_INTEGRITY_KALSHI_KALSHI_OFFICIAL_API_DOCS_FILL_INTEGRITY,pr151.target_fields.kalshi.venue_source_required.venue_fill_integrity.fill_integrity,fill_integrity,PUBLIC_OFFICIAL_SOURCE_RETRIABLE,Kalshi WebSockets; Kalshi order/fill direction changelog,https://docs.kalshi.com/getting_started/quick_start_websockets | https://docs.kalshi.com/changelog,Kalshi WebSockets include fill notifications and trade executions; order/fill fields include normalized direction fields.,STRONG_PUBLIC_OFFICIAL_SEED
EXACT_VALUE_NOT_VISIBLE,False,BROADER_PUBLIC_OFFICIAL_SOURCE_SEARCH_OR_OWNER_LOCATOR_REQUIRED,"['OWNER_OVERRIDE_BLOCKER', 'OWNER_APPROVE_BLOCKER_OR_CANDIDATE_FOR_NEXT_REVIEW', 'OWNER_PROVIDE_VALUE', 'OWNER_DISAPPROVE']",PR153R_RETRY_CAPTURE,POLYMARKET,P0,EXTERNAL_SOURCE_VALUE_CAPTURE_TARGET,PR151_PR150_VENUE_SOURCE_REQUIRED_VENUE_FILL_INTEGRITY_FILL_INTEGRITY_POLYMARKET_POLYMARKET_OFFICIAL_API_DOCS_FILL_INTEGRITY,pr151.target_fields.polymarket.venue_source_required.venue_fill_integrity.fill_integrity,fill_integrity,PUBLIC_OFFICIAL_SOURCE_RETRIABLE,Polymarket Order Lifecycle; Prices & Orderbook; Error Codes,https://docs.polymarket.com/concepts/order-lifecycle | https://docs.polymarket.com/concepts/prices-orderbook | https://docs.polymarket.com/resources/error-codes,"Polymarket docs cover limit orders, partial fills, matching, and error states for FOK/FAK/tick/min size.",STRONG_PUBLIC_OFFICIAL_SEED
EXACT_VALUE_NOT_VISIBLE,False,BROADER_PUBLIC_OFFICIAL_SOURCE_SEARCH_OR_OWNER_LOCATOR_REQUIRED,"['OWNER_OVERRIDE_BLOCKER', 'OWNER_APPROVE_BLOCKER_OR_CANDIDATE_FOR_NEXT_REVIEW', 'OWNER_PROVIDE_VALUE', 'OWNER_DISAPPROVE']",PR153R_RETRY_CAPTURE,FORECASTEX_IBKR,P1,EXTERNAL_SOURCE_VALUE_CAPTURE_TARGET,PR151_PR150_VENUE_SOURCE_REQUIRED_VENUE_LATENCY_COMPONENT_SEMANTICS_LATENCY_COMPONENT_SEMANTICS_FORECASTEX_IBKR_FORECASTEX_IBKR_OFFICIAL_API_DOCS_LATENCY_COMPONENT_SEMANTICS,pr151.target_fields.forecastex_ibkr.venue_source_required.venue_latency_component_semantics.latency_component_semantics,latency_component_semantics,PUBLIC_OFFICIAL_RETRIABLE__PARTIAL_SEED_TARGET_NEEDS_SCOPE_CHECK,IBKR Web API market data; rate limits; TWS pacing,https://www.interactivebrokers.com/campus/ibkr-api-page/webapi-doc/ | https://www.interactivebrokers.com/campus/ibkr-api-page/trader-workstation-api/,"Latency components can be seeded from snapshot pre-flight, websocket, rate-limit, and TWS/Gateway behavior; exact QTT latency taxonomy remains internal.",PARTIAL_PUBLIC_OFFICIAL_SEED
EXACT_VALUE_NOT_VISIBLE,False,BROADER_PUBLIC_OFFICIAL_SOURCE_SEARCH_OR_OWNER_LOCATOR_REQUIRED,"['OWNER_OVERRIDE_BLOCKER', 'OWNER_APPROVE_BLOCKER_OR_CANDIDATE_FOR_NEXT_REVIEW', 'OWNER_PROVIDE_VALUE', 'OWNER_DISAPPROVE']",PR153R_RETRY_CAPTURE,KALSHI,P1,EXTERNAL_SOURCE_VALUE_CAPTURE_TARGET,PR151_PR150_VENUE_SOURCE_REQUIRED_VENUE_LATENCY_COMPONENT_SEMANTICS_LATENCY_COMPONENT_SEMANTICS_KALSHI_KALSHI_OFFICIAL_API_DOCS_LATENCY_COMPONENT_SEMANTICS,pr151.target_fields.kalshi.venue_source_required.venue_latency_component_semantics.latency_component_semantics,latency_component_semantics,PUBLIC_OFFICIAL_RETRIABLE__PARTIAL_SEED_TARGET_NEEDS_SCOPE_CHECK,Kalshi WebSockets; Rate Limits,https://docs.kalshi.com/getting_started/quick_start_websockets | https://docs.kalshi.com/getting_started/rate_limits,Kalshi WebSocket and rate-limit docs seed control-plane latency components; exact QTT latency model remains internal.,PARTIAL_PUBLIC_OFFICIAL_SEED
EXACT_VALUE_NOT_VISIBLE,False,BROADER_PUBLIC_OFFICIAL_SOURCE_SEARCH_OR_OWNER_LOCATOR_REQUIRED,"['OWNER_OVERRIDE_BLOCKER', 'OWNER_APPROVE_BLOCKER_OR_CANDIDATE_FOR_NEXT_REVIEW', 'OWNER_PROVIDE_VALUE', 'OWNER_DISAPPROVE']",PR153R_RETRY_CAPTURE,POLYMARKET,P1,EXTERNAL_SOURCE_VALUE_CAPTURE_TARGET,PR151_PR150_VENUE_SOURCE_REQUIRED_VENUE_LATENCY_COMPONENT_SEMANTICS_LATENCY_COMPONENT_SEMANTICS_POLYMARKET_POLYMARKET_OFFICIAL_API_DOCS_LATENCY_COMPONENT_SEMANTICS,pr151.target_fields.polymarket.venue_source_required.venue_latency_component_semantics.latency_component_semantics,latency_component_semantics,PUBLIC_OFFICIAL_RETRIABLE__PARTIAL_SEED_TARGET_NEEDS_SCOPE_CHECK,Polymarket WebSocket overview; Rate Limits,https://docs.polymarket.com/market-data/websocket/overview | https://docs.polymarket.com/api-reference/rate-limits,Polymarket WebSocket/rate-limit docs seed stream and throttling components; exact QTT latency model remains internal.,PARTIAL_PUBLIC_OFFICIAL_SEED
EXACT_VALUE_NOT_VISIBLE,False,BROADER_PUBLIC_OFFICIAL_SOURCE_SEARCH_OR_OWNER_LOCATOR_REQUIRED,"['OWNER_OVERRIDE_BLOCKER', 'OWNER_APPROVE_BLOCKER_OR_CANDIDATE_FOR_NEXT_REVIEW', 'OWNER_PROVIDE_VALUE', 'OWNER_DISAPPROVE']",PR153R_RETRY_CAPTURE,FORECASTEX_IBKR,P0,EXTERNAL_SOURCE_VALUE_CAPTURE_TARGET,PR151_PR150_VENUE_SOURCE_REQUIRED_VENUE_PAYOUT_RULES_PAYOUT_RULES_FORECASTEX_IBKR_FORECASTEX_IBKR_OFFICIAL_RULEBOOKS_PAYOUT_RULES,pr151.target_fields.forecastex_ibkr.venue_source_required.venue_payout_rules.payout_rules,payout_rules,PUBLIC_OFFICIAL_SOURCE_RETRIABLE,IBKR Prediction Markets; ForecastEx risk disclosure/rulebook,https://www.interactivebrokers.com/predictionmarkets/en/home.php | https://data.forecastex.com/regulatory/ForecastEx_LLC_Rulebook.pdf,IBKR prediction-market page describes ForecastEx contracts typically settling at $0 or $1; rulebook/risk disclosure can provide exact settlement/payout rules.,STRONG_PUBLIC_OFFICIAL_SEED
EXACT_VALUE_NOT_VISIBLE,False,BROADER_PUBLIC_OFFICIAL_SOURCE_SEARCH_OR_OWNER_LOCATOR_REQUIRED,"['OWNER_OVERRIDE_BLOCKER', 'OWNER_APPROVE_BLOCKER_OR_CANDIDATE_FOR_NEXT_REVIEW', 'OWNER_PROVIDE_VALUE', 'OWNER_DISAPPROVE']",PR153R_RETRY_CAPTURE,KALSHI,P0,EXTERNAL_SOURCE_VALUE_CAPTURE_TARGET,PR151_PR150_VENUE_SOURCE_REQUIRED_VENUE_PAYOUT_RULES_PAYOUT_RULES_KALSHI_KALSHI_OFFICIAL_RULEBOOKS_PAYOUT_RULES,pr151.target_fields.kalshi.venue_source_required.venue_payout_rules.payout_rules,payout_rules,PUBLIC_OFFICIAL_SOURCE_RETRIABLE,Kalshi Market Settlement; Settlement SDK model,https://docs.kalshi.com/getting_started/market_settlement | https://docs.kalshi.com/python-sdk/models/Settlement,"Kalshi settlement docs/model describe market_result, payout value, fees, and position resolution.",STRONG_PUBLIC_OFFICIAL_SEED
EXACT_VALUE_NOT_VISIBLE,False,BROADER_PUBLIC_OFFICIAL_SOURCE_SEARCH_OR_OWNER_LOCATOR_REQUIRED,"['OWNER_OVERRIDE_BLOCKER', 'OWNER_APPROVE_BLOCKER_OR_CANDIDATE_FOR_NEXT_REVIEW', 'OWNER_PROVIDE_VALUE', 'OWNER_DISAPPROVE']",PR153R_RETRY_CAPTURE,FORECASTEX_IBKR,P0,EXTERNAL_SOURCE_VALUE_CAPTURE_TARGET,PR151_PR150_VENUE_SOURCE_REQUIRED_VENUE_RATE_LIMITS_RATE_LIMITS_FORECASTEX_IBKR_FORECASTEX_IBKR_OFFICIAL_API_DOCS_RATE_LIMITS,pr151.target_fields.forecastex_ibkr.venue_source_required.venue_rate_limits.rate_limits,rate_limits,PUBLIC_OFFICIAL_SOURCE_RETRIABLE,IBKR Web API rate limits,https://www.interactivebrokers.com/campus/ibkr-api-page/webapi-doc/ | https://www.interactivebrokers.com/campus/ibkr-api-page/cpapi-v1/,IBKR docs describe global 10 requests/sec and 429/penalty-box behavior.,STRONG_PUBLIC_OFFICIAL_SEED
EXACT_VALUE_NOT_VISIBLE,False,BROADER_PUBLIC_OFFICIAL_SOURCE_SEARCH_OR_OWNER_LOCATOR_REQUIRED,"['OWNER_OVERRIDE_BLOCKER', 'OWNER_APPROVE_BLOCKER_OR_CANDIDATE_FOR_NEXT_REVIEW', 'OWNER_PROVIDE_VALUE', 'OWNER_DISAPPROVE']",PR153R_RETRY_CAPTURE,FORECASTEX_IBKR,P1,EXTERNAL_SOURCE_VALUE_CAPTURE_TARGET,PR151_PR150_VENUE_SOURCE_REQUIRED_VENUE_RECONCILIATION_SEMANTICS_RECONCILIATION_SEMANTICS_FORECASTEX_IBKR_FORECASTEX_IBKR_OFFICIAL_API_DOCS_RECONCILIATION_SEMANTICS,pr151.target_fields.forecastex_ibkr.venue_source_required.venue_reconciliation_semantics.reconciliation_semantics,reconciliation_semantics,PUBLIC_OFFICIAL_RETRIABLE__PARTIAL_SEED_TARGET_NEEDS_SCOPE_CHECK,IBKR Event Contracts; Web API trading/account/portfolio docs,https://www.interactivebrokers.com/campus/ibkr-api-page/event-contracts/ | https://www.interactivebrokers.com/campus/ibkr-api-page/webapi-doc/,"IBKR docs seed position netting, order status, executions, portfolio/account reconciliation.",PARTIAL_PUBLIC_OFFICIAL_SEED
EXACT_VALUE_NOT_VISIBLE,False,BROADER_PUBLIC_OFFICIAL_SOURCE_SEARCH_OR_OWNER_LOCATOR_REQUIRED,"['OWNER_OVERRIDE_BLOCKER', 'OWNER_APPROVE_BLOCKER_OR_CANDIDATE_FOR_NEXT_REVIEW', 'OWNER_PROVIDE_VALUE', 'OWNER_DISAPPROVE']",PR153R_RETRY_CAPTURE,KALSHI,P1,EXTERNAL_SOURCE_VALUE_CAPTURE_TARGET,PR151_PR150_VENUE_SOURCE_REQUIRED_VENUE_RECONCILIATION_SEMANTICS_RECONCILIATION_SEMANTICS_KALSHI_KALSHI_OFFICIAL_API_DOCS_RECONCILIATION_SEMANTICS,pr151.target_fields.kalshi.venue_source_required.venue_reconciliation_semantics.reconciliation_semantics,reconciliation_semantics,PUBLIC_OFFICIAL_RETRIABLE__PARTIAL_SEED_TARGET_NEEDS_SCOPE_CHECK,"Kalshi settlement, fills, WebSocket, orderbook docs",https://docs.kalshi.com/getting_started/market_settlement | https://docs.kalshi.com/getting_started/quick_start_websockets | https://docs.kalshi.com/api-reference/market/get-market-orderbook,"Kalshi docs seed settlement, fill notifications, orderbook, and order/fill field reconciliation.",PARTIAL_PUBLIC_OFFICIAL_SEED
EXACT_VALUE_NOT_VISIBLE,False,BROADER_PUBLIC_OFFICIAL_SOURCE_SEARCH_OR_OWNER_LOCATOR_REQUIRED,"['OWNER_OVERRIDE_BLOCKER', 'OWNER_APPROVE_BLOCKER_OR_CANDIDATE_FOR_NEXT_REVIEW', 'OWNER_PROVIDE_VALUE', 'OWNER_DISAPPROVE']",PR153R_RETRY_CAPTURE,POLYMARKET,P1,EXTERNAL_SOURCE_VALUE_CAPTURE_TARGET,PR151_PR150_VENUE_SOURCE_REQUIRED_VENUE_RECONCILIATION_SEMANTICS_RECONCILIATION_SEMANTICS_POLYMARKET_POLYMARKET_OFFICIAL_API_DOCS_RECONCILIATION_SEMANTICS,pr151.target_fields.polymarket.venue_source_required.venue_reconciliation_semantics.reconciliation_semantics,reconciliation_semantics,PUBLIC_OFFICIAL_SOURCE_RETRIABLE,Polymarket cancel/order docs; orderbook; public methods,https://docs.polymarket.com/trading/orders/cancel | https://docs.polymarket.com/trading/orderbook | https://docs.polymarket.com/trading/clients/public,"Polymarket docs include bucket_index/match_time reconciliation, orderbook hash, current/closed positions and accounting snapshot endpoints.",STRONG_PUBLIC_OFFICIAL_SEED
EXACT_VALUE_NOT_VISIBLE,False,BROADER_PUBLIC_OFFICIAL_SOURCE_SEARCH_OR_OWNER_LOCATOR_REQUIRED,"['OWNER_OVERRIDE_BLOCKER', 'OWNER_APPROVE_BLOCKER_OR_CANDIDATE_FOR_NEXT_REVIEW', 'OWNER_PROVIDE_VALUE', 'OWNER_DISAPPROVE']",PR153R_RETRY_CAPTURE,FORECASTEX_IBKR,P0,EXTERNAL_SOURCE_VALUE_CAPTURE_TARGET,PR151_PR150_VENUE_SOURCE_REQUIRED_VENUE_SDK_BEHAVIOR_SDK_BEHAVIOR_FORECASTEX_IBKR_FORECASTEX_IBKR_OFFICIAL_SDK_DOCS_SDK_BEHAVIOR,pr151.target_fields.forecastex_ibkr.venue_source_required.venue_sdk_behavior.sdk_behavior,sdk_behavior,PUBLIC_OFFICIAL_SOURCE_RETRIABLE,IBKR TWS API; Web API docs,https://www.interactivebrokers.com/campus/ibkr-api-page/trader-workstation-api/ | https://www.interactivebrokers.com/campus/ibkr-api-page/webapi-doc/,"IBKR docs define Web API/TWS API behavior, gateway/session constraints, and supported code systems.",STRONG_PUBLIC_OFFICIAL_SEED
EXACT_VALUE_NOT_VISIBLE,False,BROADER_PUBLIC_OFFICIAL_SOURCE_SEARCH_OR_OWNER_LOCATOR_REQUIRED,"['OWNER_OVERRIDE_BLOCKER', 'OWNER_APPROVE_BLOCKER_OR_CANDIDATE_FOR_NEXT_REVIEW', 'OWNER_PROVIDE_VALUE', 'OWNER_DISAPPROVE']",PR153R_RETRY_CAPTURE,POLYMARKET,P0,EXTERNAL_SOURCE_VALUE_CAPTURE_TARGET,PR151_PR150_VENUE_SOURCE_REQUIRED_VENUE_SDK_BEHAVIOR_SDK_BEHAVIOR_POLYMARKET_POLYMARKET_OFFICIAL_SDK_DOCS_SDK_BEHAVIOR,pr151.target_fields.polymarket.venue_source_required.venue_sdk_behavior.sdk_behavior,sdk_behavior,PUBLIC_OFFICIAL_SOURCE_RETRIABLE,Polymarket quickstart / public / L1 / L2 methods,https://docs.polymarket.com/trading/quickstart | https://docs.polymarket.com/trading/clients/public | https://docs.polymarket.com/trading/clients/l1 | https://docs.polymarket.com/trading/clients/l2,"Polymarket docs define SDK clients, public/L1/L2 method scopes, order signing and authenticated methods.",STRONG_PUBLIC_OFFICIAL_SEED
EXACT_VALUE_NOT_VISIBLE,False,BROADER_PUBLIC_OFFICIAL_SOURCE_SEARCH_OR_OWNER_LOCATOR_REQUIRED,"['OWNER_OVERRIDE_BLOCKER', 'OWNER_APPROVE_BLOCKER_OR_CANDIDATE_FOR_NEXT_REVIEW', 'OWNER_PROVIDE_VALUE', 'OWNER_DISAPPROVE']",PR153R_RETRY_CAPTURE,KALSHI,P0,EXTERNAL_SOURCE_VALUE_CAPTURE_TARGET,PR151_PR150_VENUE_SOURCE_REQUIRED_VENUE_SETTLEMENT_RULES_SETTLEMENT_RULES_KALSHI_KALSHI_OFFICIAL_FEE_TICK_SETTLEMENT_DOCS_SETTLEMENT_RULES,pr151.target_fields.kalshi.venue_source_required.venue_settlement_rules.settlement_rules,settlement_rules,PUBLIC_OFFICIAL_SOURCE_RETRIABLE,Kalshi Market Settlement,https://docs.kalshi.com/getting_started/market_settlement | https://docs.kalshi.com/fix/market-settlement,"Kalshi docs describe settlement timing, fees, rounding, and settlement reports.",STRONG_PUBLIC_OFFICIAL_SEED
EXACT_VALUE_NOT_VISIBLE,False,BROADER_PUBLIC_OFFICIAL_SOURCE_SEARCH_OR_OWNER_LOCATOR_REQUIRED,"['OWNER_OVERRIDE_BLOCKER', 'OWNER_APPROVE_BLOCKER_OR_CANDIDATE_FOR_NEXT_REVIEW', 'OWNER_PROVIDE_VALUE', 'OWNER_DISAPPROVE']",PR153R_RETRY_CAPTURE,POLYMARKET,P0,EXTERNAL_SOURCE_VALUE_CAPTURE_TARGET,PR151_PR150_VENUE_SOURCE_REQUIRED_VENUE_SETTLEMENT_RULES_SETTLEMENT_RULES_POLYMARKET_POLYMARKET_OFFICIAL_FEE_TICK_SETTLEMENT_DOCS_SETTLEMENT_RULES,pr151.target_fields.polymarket.venue_source_required.venue_settlement_rules.settlement_rules,settlement_rules,PUBLIC_OFFICIAL_SOURCE_RETRIABLE,Polymarket Order Lifecycle; Redeem Tokens; Trading Overview,https://docs.polymarket.com/concepts/order-lifecycle | https://docs.polymarket.com/trading/ctf/redeem | https://docs.polymarket.com/trading/overview,"Polymarket docs describe signed orders, onchain settlement, and redeeming winning tokens after resolution.",STRONG_PUBLIC_OFFICIAL_SEED
EXACT_VALUE_NOT_VISIBLE,False,BROADER_PUBLIC_OFFICIAL_SOURCE_SEARCH_OR_OWNER_LOCATOR_REQUIRED,"['OWNER_OVERRIDE_BLOCKER', 'OWNER_APPROVE_BLOCKER_OR_CANDIDATE_FOR_NEXT_REVIEW', 'OWNER_PROVIDE_VALUE', 'OWNER_DISAPPROVE']",PR153R_RETRY_CAPTURE,FORECASTEX_IBKR,P0,EXTERNAL_SOURCE_VALUE_CAPTURE_TARGET,PR151_PR150_VENUE_SOURCE_REQUIRED_VENUE_TICK_RULES_TICK_RULES_FORECASTEX_IBKR_FORECASTEX_IBKR_OFFICIAL_FEE_TICK_SETTLEMENT_DOCS_TICK_RULES,pr151.target_fields.forecastex_ibkr.venue_source_required.venue_tick_rules.tick_rules,tick_rules,PUBLIC_OFFICIAL_SOURCE_RETRIABLE,IBKR minTick / reqMarketRule; ForecastEx rulebook,https://interactivebrokers.github.io/tws-api/minimum_increment.html | https://www.interactivebrokers.com/campus/ibkr-api-page/tws-api-error-codes/ | https://data.forecastex.com/regulatory/ForecastEx_LLC_Rulebook.pdf,IBKR docs define minimum increments/minTick and reqMarketRule; ForecastEx rulebook can supplement contract-specific tick/price rules.,STRONG_PUBLIC_OFFICIAL_SEED
EXACT_VALUE_NOT_VISIBLE,False,BROADER_PUBLIC_OFFICIAL_SOURCE_SEARCH_OR_OWNER_LOCATOR_REQUIRED,"['OWNER_OVERRIDE_BLOCKER', 'OWNER_APPROVE_BLOCKER_OR_CANDIDATE_FOR_NEXT_REVIEW', 'OWNER_PROVIDE_VALUE', 'OWNER_DISAPPROVE']",PR153R_RETRY_CAPTURE,KALSHI,P0,EXTERNAL_SOURCE_VALUE_CAPTURE_TARGET,PR151_PR150_VENUE_SOURCE_REQUIRED_VENUE_TICK_RULES_TICK_RULES_KALSHI_KALSHI_OFFICIAL_FEE_TICK_SETTLEMENT_DOCS_TICK_RULES,pr151.target_fields.kalshi.venue_source_required.venue_tick_rules.tick_rules,tick_rules,PUBLIC_OFFICIAL_SOURCE_RETRIABLE,Kalshi Fixed-Point Migration,https://docs.kalshi.com/getting_started/fixed_point_migration,Kalshi docs define price level structures and tick rules per market.,STRONG_PUBLIC_OFFICIAL_SEED
